0.7090909090909091,frozenset({'한명묵20'})
0.7090909090909091,frozenset({'김 원20'})
0.6545454545454545,frozenset({'정용주20'})
0.6545454545454545,frozenset({'최재영20'})
0.6363636363636364,frozenset({'오영민20'})
0.4727272727272727,frozenset({'유 준20'})
0.45454545454545453,frozenset({'민 홍20'})
0.45454545454545453,frozenset({'김철연20'})
0.43636363636363634,frozenset({'이주형30'})
0.43636363636363634,frozenset({'정옥란20'})
0.41818181818181815,frozenset({'최기호10'})
0.4,frozenset({'노웅기30'})
0.4,frozenset({'정윤현20'})
0.38181818181818183,frozenset({'전영철20'})
0.36363636363636365,frozenset({'최아영20'})
0.2727272727272727,frozenset({'조정찬30'})
0.2545454545454545,frozenset({'강상우30'})
0.2545454545454545,frozenset({'차영운30'})
0.23636363636363636,frozenset({'최재혁30'})
0.2,frozenset({'이상웅30'})
0.6545454545454545,frozenset({'이상웅20'})
0.5818181818181818,frozenset({'정윤현10'})
0.41818181818181815,frozenset({'조정찬20'})
0.36363636363636365,frozenset({'민 홍10'})
0.23636363636363636,frozenset({'노웅기20'})
0.23636363636363636,frozenset({'황효석30'})
0.23636363636363636,frozenset({'최재혁10'})
0.21818181818181817,frozenset({'오영민10'})
0.36363636363636365,frozenset({'최재혁20'})
0.32727272727272727,frozenset({'정용주10'})
0.3090909090909091,frozenset({'전영철10'})
0.3090909090909091,frozenset({'정옥란10'})
0.2545454545454545,frozenset({'유 준10'})
0.2545454545454545,frozenset({'차영운10'})
0.2545454545454545,frozenset({'이주형20'})
0.21818181818181817,frozenset({'강상우10'})
0.509090909090909,frozenset({'강상우20'})
0.43636363636363634,frozenset({'차영운20'})
0.36363636363636365,frozenset({'민연아20'})
0.2727272727272727,frozenset({'한명묵10'})
0.2545454545454545,frozenset({'김 원10'})
0.2545454545454545,frozenset({'최아영30'})
0.2,frozenset({'민연아30'})
0.3090909090909091,frozenset({'황효석20'})
0.23636363636363636,frozenset({'최기호20'})
0.2,frozenset({'조정찬10'})
0.6909090909090909,"frozenset({'김 원20', '한명묵20'})"
0.6545454545454545,"frozenset({'정용주20', '한명묵20'})"
0.6363636363636364,"frozenset({'김 원20', '정용주20'})"
0.4,"frozenset({'이상웅20', '정용주20'})"
0.6363636363636364,"frozenset({'김 원20', '정용주20', '한명묵20'})"
0.4,"frozenset({'이상웅20', '정용주20', '한명묵20'})"
0.4,"frozenset({'김 원20', '이상웅20', '정용주20'})"
0.4,"frozenset({'김 원20', '이상웅20', '정용주20', '한명묵20'})"
0.4909090909090909,"frozenset({'김 원20', '최재영20'})"
0.4727272727272727,"frozenset({'최재영20', '한명묵20'})"
0.43636363636363634,"frozenset({'정용주20', '최재영20'})"
0.45454545454545453,"frozenset({'이상웅20', '최재영20'})"
0.4727272727272727,"frozenset({'김 원20', '최재영20', '한명묵20'})"
0.43636363636363634,"frozenset({'정용주20', '최재영20', '한명묵20'})"
0.43636363636363634,"frozenset({'김 원20', '정용주20', '최재영20'})"
0.3090909090909091,"frozenset({'이상웅20', '정용주20', '최재영20'})"
0.43636363636363634,"frozenset({'김 원20', '정용주20', '최재영20', '한명묵20'})"
0.3090909090909091,"frozenset({'이상웅20', '정용주20', '최재영20', '한명묵20'})"
0.3090909090909091,"frozenset({'김 원20', '이상웅20', '정용주20', '최재영20'})"
0.3090909090909091,"frozenset({'김 원20', '한명묵20', '이상웅20', '정용주20', '최재영20'})"
0.36363636363636365,"frozenset({'김 원20', '이상웅20', '최재영20'})"
0.34545454545454546,"frozenset({'이상웅20', '최재영20', '한명묵20'})"
0.34545454545454546,"frozenset({'김 원20', '이상웅20', '최재영20', '한명묵20'})"
0.4909090909090909,"frozenset({'오영민20', '최재영20'})"
0.43636363636363634,"frozenset({'오영민20', '한명묵20'})"
0.41818181818181815,"frozenset({'김 원20', '오영민20'})"
0.4,"frozenset({'정용주20', '오영민20'})"
0.43636363636363634,"frozenset({'이상웅20', '오영민20'})"
0.32727272727272727,"frozenset({'오영민20', '최재영20', '한명묵20'})"
0.3090909090909091,"frozenset({'이상웅20', '오영민20', '한명묵20'})"
0.2545454545454545,"frozenset({'오영민20', '이상웅20', '최재영20', '한명묵20'})"
0.41818181818181815,"frozenset({'김 원20', '오영민20', '한명묵20'})"
0.32727272727272727,"frozenset({'오영민20', '김 원20', '최재영20'})"
0.3090909090909091,"frozenset({'김 원20', '이상웅20', '오영민20'})"
0.32727272727272727,"frozenset({'오영민20', '김 원20', '최재영20', '한명묵20'})"
0.3090909090909091,"frozenset({'김 원20', '이상웅20', '오영민20', '한명묵20'})"
0.2545454545454545,"frozenset({'오영민20', '김 원20', '이상웅20', '최재영20'})"
0.2545454545454545,"frozenset({'김 원20', '오영민20', '한명묵20', '이상웅20', '최재영20'})"
0.4,"frozenset({'정용주20', '오영민20', '한명묵20'})"
0.38181818181818183,"frozenset({'김 원20', '정용주20', '오영민20'})"
0.2909090909090909,"frozenset({'오영민20', '정용주20', '최재영20'})"
0.2727272727272727,"frozenset({'이상웅20', '정용주20', '오영민20'})"
0.38181818181818183,"frozenset({'김 원20', '정용주20', '오영민20', '한명묵20'})"
0.2909090909090909,"frozenset({'오영민20', '김 원20', '정용주20', '최재영20'})"
0.2909090909090909,"frozenset({'오영민20', '정용주20', '최재영20', '한명묵20'})"
0.2909090909090909,"frozenset({'김 원20', '오영민20', '한명묵20', '정용주20', '최재영20'})"
0.2727272727272727,"frozenset({'김 원20', '이상웅20', '정용주20', '오영민20'})"
0.2727272727272727,"frozenset({'이상웅20', '정용주20', '오영민20', '한명묵20'})"
0.21818181818181817,"frozenset({'오영민20', '이상웅20', '정용주20', '최재영20'})"
0.2727272727272727,"frozenset({'김 원20', '오영민20', '한명묵20', '이상웅20', '정용주20'})"
0.21818181818181817,"frozenset({'김 원20', '오영민20', '이상웅20', '정용주20', '최재영20'})"
0.21818181818181817,"frozenset({'오영민20', '한명묵20', '이상웅20', '정용주20', '최재영20'})"
0.21818181818181817,"frozenset({'김 원20', '오영민20', '한명묵20', '이상웅20', '정용주20', '최재영20'})"
0.34545454545454546,"frozenset({'오영민20', '이상웅20', '최재영20'})"
0.36363636363636365,"frozenset({'유 준20', '오영민20'})"
0.3090909090909091,"frozenset({'유 준20', '최재영20'})"
0.3090909090909091,"frozenset({'유 준20', '정용주20'})"
0.3090909090909091,"frozenset({'유 준20', '한명묵20'})"
0.2909090909090909,"frozenset({'김 원20', '유 준20'})"
0.34545454545454546,"frozenset({'유 준20', '이상웅20'})"
0.2727272727272727,"frozenset({'정윤현10', '유 준20'})"
0.23636363636363636,"frozenset({'강상우20', '유 준20'})"
0.2909090909090909,"frozenset({'오영민20', '유 준20', '최재영20'})"
0.21818181818181817,"frozenset({'유 준20', '이상웅20', '최재영20'})"
0.21818181818181817,"frozenset({'오영민20', '유 준20', '이상웅20', '최재영20'})"
0.23636363636363636,"frozenset({'유 준20', '정용주20', '오영민20'})"
0.21818181818181817,"frozenset({'유 준20', '정용주20', '최재영20'})"
0.21818181818181817,"frozenset({'유 준20', '이상웅20', '정용주20'})"
0.2,"frozenset({'오영민20', '유 준20', '정용주20', '최재영20'})"
0.3090909090909091,"frozenset({'유 준20', '정용주20', '한명묵20'})"
0.23636363636363636,"frozenset({'유 준20', '오영민20', '한명묵20'})"
0.21818181818181817,"frozenset({'유 준20', '최재영20', '한명묵20'})"
0.21818181818181817,"frozenset({'유 준20', '이상웅20', '한명묵20'})"
0.23636363636363636,"frozenset({'유 준20', '정용주20', '오영민20', '한명묵20'})"
0.21818181818181817,"frozenset({'유 준20', '정용주20', '최재영20', '한명묵20'})"
0.2,"frozenset({'유 준20', '최재영20', '오영민20', '한명묵20'})"
0.2,"frozenset({'오영민20', '한명묵20', '유 준20', '정용주20', '최재영20'})"
0.21818181818181817,"frozenset({'유 준20', '이상웅20', '정용주20', '한명묵20'})"
0.2909090909090909,"frozenset({'김 원20', '유 준20', '한명묵20'})"
0.2909090909090909,"frozenset({'김 원20', '유 준20', '정용주20'})"
0.21818181818181817,"frozenset({'김 원20', '유 준20', '최재영20'})"
0.21818181818181817,"frozenset({'김 원20', '유 준20', '오영민20'})"
0.21818181818181817,"frozenset({'김 원20', '유 준20', '이상웅20'})"
0.2909090909090909,"frozenset({'김 원20', '유 준20', '정용주20', '한명묵20'})"
0.21818181818181817,"frozenset({'김 원20', '유 준20', '정용주20', '최재영20'})"
0.21818181818181817,"frozenset({'김 원20', '유 준20', '최재영20', '한명묵20'})"
0.21818181818181817,"frozenset({'김 원20', '한명묵20', '유 준20', '정용주20', '최재영20'})"
0.21818181818181817,"frozenset({'김 원20', '유 준20', '정용주20', '오영민20'})"
0.21818181818181817,"frozenset({'김 원20', '유 준20', '오영민20', '한명묵20'})"
0.2,"frozenset({'김 원20', '유 준20', '최재영20', '오영민20'})"
0.21818181818181817,"frozenset({'김 원20', '오영민20', '한명묵20', '유 준20', '정용주20'})"
0.2,"frozenset({'김 원20', '오영민20', '유 준20', '정용주20', '최재영20'})"
0.2,"frozenset({'김 원20', '오영민20', '한명묵20', '유 준20', '최재영20'})"
0.2,"frozenset({'김 원20', '오영민20', '한명묵20', '유 준20', '정용주20', '최재영20'})"
0.21818181818181817,"frozenset({'김 원20', '유 준20', '이상웅20', '정용주20'})"
0.21818181818181817,"frozenset({'김 원20', '유 준20', '이상웅20', '한명묵20'})"
0.21818181818181817,"frozenset({'김 원20', '한명묵20', '유 준20', '이상웅20', '정용주20'})"
0.2727272727272727,"frozenset({'유 준20', '이상웅20', '오영민20'})"
0.21818181818181817,"frozenset({'정윤현10', '유 준20', '이상웅20'})"
0.21818181818181817,"frozenset({'강상우20', '유 준20', '이상웅20'})"
0.2,"frozenset({'강상우20', '유 준20', '오영민20'})"
0.43636363636363634,"frozenset({'민 홍20', '오영민20'})"
0.38181818181818183,"frozenset({'민 홍20', '최재영20'})"
0.3090909090909091,"frozenset({'민 홍20', '한명묵20'})"
0.2909090909090909,"frozenset({'유 준20', '민 홍20'})"
0.2909090909090909,"frozenset({'김 원20', '민 홍20'})"
0.2727272727272727,"frozenset({'민 홍20', '정용주20'})"
0.2909090909090909,"frozenset({'이상웅20', '민 홍20'})"
0.2545454545454545,"frozenset({'정윤현10', '민 홍20'})"
0.23636363636363636,"frozenset({'강상우20', '민 홍20'})"
0.36363636363636365,"frozenset({'오영민20', '민 홍20', '최재영20'})"
0.2909090909090909,"frozenset({'민 홍20', '오영민20', '한명묵20'})"
0.2545454545454545,"frozenset({'민 홍20', '최재영20', '한명묵20'})"
0.23636363636363636,"frozenset({'민 홍20', '최재영20', '오영민20', '한명묵20'})"
0.2727272727272727,"frozenset({'유 준20', '민 홍20', '오영민20'})"
0.2545454545454545,"frozenset({'유 준20', '민 홍20', '최재영20'})"
0.23636363636363636,"frozenset({'오영민20', '유 준20', '민 홍20', '최재영20'})"
0.2909090909090909,"frozenset({'김 원20', '민 홍20', '한명묵20'})"
0.2727272727272727,"frozenset({'김 원20', '민 홍20', '오영민20'})"
0.2545454545454545,"frozenset({'김 원20', '민 홍20', '최재영20'})"
0.2,"frozenset({'김 원20', '이상웅20', '민 홍20'})"
0.2727272727272727,"frozenset({'김 원20', '민 홍20', '오영민20', '한명묵20'})"
0.2545454545454545,"frozenset({'김 원20', '민 홍20', '최재영20', '한명묵20'})"
0.23636363636363636,"frozenset({'김 원20', '민 홍20', '최재영20', '오영민20'})"
0.23636363636363636,"frozenset({'김 원20', '오영민20', '한명묵20', '민 홍20', '최재영20'})"
0.2,"frozenset({'김 원20', '이상웅20', '민 홍20', '최재영20'})"
0.2,"frozenset({'김 원20', '이상웅20', '민 홍20', '오영민20'})"
0.2,"frozenset({'김 원20', '이상웅20', '민 홍20', '한명묵20'})"
0.2,"frozenset({'김 원20', '오영민20', '이상웅20', '민 홍20', '최재영20'})"
0.2,"frozenset({'김 원20', '한명묵20', '이상웅20', '민 홍20', '최재영20'})"
0.2,"frozenset({'김 원20', '오영민20', '한명묵20', '이상웅20', '민 홍20'})"
0.2,"frozenset({'김 원20', '오영민20', '한명묵20', '이상웅20', '민 홍20', '최재영20'})"
0.2727272727272727,"frozenset({'민 홍20', '정용주20', '한명묵20'})"
0.2545454545454545,"frozenset({'김 원20', '민 홍20', '정용주20'})"
0.2545454545454545,"frozenset({'민 홍20', '정용주20', '오영민20'})"
0.21818181818181817,"frozenset({'민 홍20', '정용주20', '최재영20'})"
0.2545454545454545,"frozenset({'김 원20', '민 홍20', '정용주20', '한명묵20'})"
0.2545454545454545,"frozenset({'민 홍20', '정용주20', '오영민20', '한명묵20'})"
0.23636363636363636,"frozenset({'김 원20', '민 홍20', '정용주20', '오영민20'})"
0.23636363636363636,"frozenset({'김 원20', '오영민20', '정용주20', '한명묵20', '민 홍20'})"
0.21818181818181817,"frozenset({'김 원20', '민 홍20', '정용주20', '최재영20'})"
0.21818181818181817,"frozenset({'민 홍20', '정용주20', '최재영20', '한명묵20'})"
0.2,"frozenset({'오영민20', '민 홍20', '정용주20', '최재영20'})"
0.21818181818181817,"frozenset({'김 원20', '정용주20', '한명묵20', '민 홍20', '최재영20'})"
0.2,"frozenset({'김 원20', '오영민20', '정용주20', '민 홍20', '최재영20'})"
0.2,"frozenset({'오영민20', '정용주20', '한명묵20', '민 홍20', '최재영20'})"
0.2,"frozenset({'김 원20', '오영민20', '한명묵20', '민 홍20', '정용주20', '최재영20'})"
0.2909090909090909,"frozenset({'이상웅20', '민 홍20', '오영민20'})"
0.2727272727272727,"frozenset({'이상웅20', '민 홍20', '최재영20'})"
0.2,"frozenset({'이상웅20', '민 홍20', '한명묵20'})"
0.2727272727272727,"frozenset({'민 홍20', '이상웅20', '최재영20', '오영민20'})"
0.2,"frozenset({'이상웅20', '민 홍20', '오영민20', '한명묵20'})"
0.2,"frozenset({'이상웅20', '민 홍20', '최재영20', '한명묵20'})"
0.2,"frozenset({'오영민20', '한명묵20', '이상웅20', '민 홍20', '최재영20'})"
0.23636363636363636,"frozenset({'정윤현10', '민 홍20', '오영민20'})"
0.21818181818181817,"frozenset({'정윤현10', '민 홍20', '최재영20'})"
0.2,"frozenset({'정윤현10', '오영민20', '민 홍20', '최재영20'})"
0.23636363636363636,"frozenset({'강상우20', '민 홍20', '오영민20'})"
0.21818181818181817,"frozenset({'강상우20', '민 홍20', '최재영20'})"
0.21818181818181817,"frozenset({'강상우20', '오영민20', '민 홍20', '최재영20'})"
0.32727272727272727,"frozenset({'김철연20', '오영민20'})"
0.3090909090909091,"frozenset({'김철연20', '최재영20'})"
0.3090909090909091,"frozenset({'김철연20', '김 원20'})"
0.3090909090909091,"frozenset({'김철연20', '한명묵20'})"
0.2727272727272727,"frozenset({'김철연20', '정용주20'})"
0.23636363636363636,"frozenset({'김철연20', '민 홍20'})"
0.21818181818181817,"frozenset({'김철연20', '유 준20'})"
0.3090909090909091,"frozenset({'김철연20', '이상웅20'})"
0.2909090909090909,"frozenset({'김철연20', '정윤현10'})"
0.2,"frozenset({'김철연20', '강상우20'})"
0.2545454545454545,"frozenset({'김철연20', '오영민20', '최재영20'})"
0.2,"frozenset({'김철연20', '이상웅20', '최재영20'})"
0.2545454545454545,"frozenset({'김철연20', '김 원20', '최재영20'})"
0.23636363636363636,"frozenset({'김철연20', '김 원20', '오영민20'})"
0.2,"frozenset({'김철연20', '김 원20', '최재영20', '오영민20'})"
0.3090909090909091,"frozenset({'김철연20', '김 원20', '한명묵20'})"
0.2545454545454545,"frozenset({'김철연20', '최재영20', '한명묵20'})"
0.23636363636363636,"frozenset({'김철연20', '오영민20', '한명묵20'})"
0.2545454545454545,"frozenset({'김철연20', '김 원20', '최재영20', '한명묵20'})"
0.23636363636363636,"frozenset({'김철연20', '김 원20', '오영민20', '한명묵20'})"
0.2,"frozenset({'김철연20', '최재영20', '오영민20', '한명묵20'})"
0.2,"frozenset({'김 원20', '오영민20', '한명묵20', '김철연20', '최재영20'})"
0.2727272727272727,"frozenset({'김철연20', '정용주20', '한명묵20'})"
0.2727272727272727,"frozenset({'김철연20', '김 원20', '정용주20'})"
0.21818181818181817,"frozenset({'김철연20', '정용주20', '최재영20'})"
0.2,"frozenset({'김철연20', '정용주20', '오영민20'})"
0.2727272727272727,"frozenset({'김철연20', '김 원20', '정용주20', '한명묵20'})"
0.21818181818181817,"frozenset({'김철연20', '김 원20', '정용주20', '최재영20'})"
0.21818181818181817,"frozenset({'김철연20', '정용주20', '최재영20', '한명묵20'})"
0.21818181818181817,"frozenset({'김 원20', '한명묵20', '김철연20', '정용주20', '최재영20'})"
0.2,"frozenset({'김철연20', '김 원20', '정용주20', '오영민20'})"
0.2,"frozenset({'김철연20', '정용주20', '오영민20', '한명묵20'})"
0.2,"frozenset({'김 원20', '오영민20', '한명묵20', '김철연20', '정용주20'})"
0.21818181818181817,"frozenset({'김철연20', '민 홍20', '오영민20'})"
0.2,"frozenset({'김철연20', '민 홍20', '한명묵20'})"
0.2,"frozenset({'김철연20', '김 원20', '민 홍20'})"
0.2,"frozenset({'김철연20', '김 원20', '민 홍20', '한명묵20'})"
0.21818181818181817,"frozenset({'김철연20', '이상웅20', '오영민20'})"
0.23636363636363636,"frozenset({'김철연20', '이상웅20', '정윤현10'})"
0.2,"frozenset({'김철연20', '정윤현10', '한명묵20'})"
0.2,"frozenset({'김철연20', '김 원20', '정윤현10'})"
0.2,"frozenset({'김철연20', '김 원20', '정윤현10', '한명묵20'})"
0.36363636363636365,"frozenset({'유 준20', '이주형30'})"
0.32727272727272727,"frozenset({'이주형30', '오영민20'})"
0.2909090909090909,"frozenset({'이주형30', '최재영20'})"
0.2727272727272727,"frozenset({'민 홍20', '이주형30'})"
0.2727272727272727,"frozenset({'정용주20', '이주형30'})"
0.2727272727272727,"frozenset({'이주형30', '한명묵20'})"
0.2545454545454545,"frozenset({'김 원20', '이주형30'})"
0.21818181818181817,"frozenset({'김철연20', '이주형30'})"
0.2909090909090909,"frozenset({'이상웅20', '이주형30'})"
0.2545454545454545,"frozenset({'정윤현10', '이주형30'})"
0.23636363636363636,"frozenset({'강상우20', '이주형30'})"
0.2909090909090909,"frozenset({'유 준20', '이주형30', '오영민20'})"
0.2545454545454545,"frozenset({'이주형30', '최재영20', '오영민20'})"
0.2545454545454545,"frozenset({'유 준20', '이주형30', '최재영20'})"
0.23636363636363636,"frozenset({'유 준20', '최재영20', '오영민20', '이주형30'})"
0.2545454545454545,"frozenset({'민 홍20', '이주형30', '오영민20'})"
0.2545454545454545,"frozenset({'유 준20', '민 홍20', '이주형30'})"
0.23636363636363636,"frozenset({'민 홍20', '이주형30', '최재영20'})"
0.23636363636363636,"frozenset({'유 준20', '민 홍20', '이주형30', '오영민20'})"
0.21818181818181817,"frozenset({'유 준20', '민 홍20', '이주형30', '최재영20'})"
0.21818181818181817,"frozenset({'이주형30', '민 홍20', '최재영20', '오영민20'})"
0.2,"frozenset({'오영민20', '유 준20', '이주형30', '민 홍20', '최재영20'})"
0.23636363636363636,"frozenset({'유 준20', '정용주20', '이주형30'})"
0.2,"frozenset({'이주형30', '최재영20', '정용주20'})"
0.2,"frozenset({'이주형30', '오영민20', '정용주20'})"
0.2727272727272727,"frozenset({'정용주20', '이주형30', '한명묵20'})"
0.23636363636363636,"frozenset({'유 준20', '이주형30', '한명묵20'})"
0.2,"frozenset({'이주형30', '최재영20', '한명묵20'})"
0.2,"frozenset({'이주형30', '오영민20', '한명묵20'})"
0.23636363636363636,"frozenset({'유 준20', '정용주20', '이주형30', '한명묵20'})"
0.2,"frozenset({'정용주20', '이주형30', '최재영20', '한명묵20'})"
0.2,"frozenset({'정용주20', '이주형30', '오영민20', '한명묵20'})"
0.2545454545454545,"frozenset({'김 원20', '이주형30', '한명묵20'})"
0.2545454545454545,"frozenset({'김 원20', '정용주20', '이주형30'})"
0.21818181818181817,"frozenset({'김 원20', '유 준20', '이주형30'})"
0.2,"frozenset({'김 원20', '이주형30', '최재영20'})"
0.2545454545454545,"frozenset({'김 원20', '정용주20', '이주형30', '한명묵20'})"
0.21818181818181817,"frozenset({'김 원20', '유 준20', '정용주20', '이주형30'})"
0.21818181818181817,"frozenset({'김 원20', '유 준20', '이주형30', '한명묵20'})"
0.21818181818181817,"frozenset({'김 원20', '한명묵20', '유 준20', '이주형30', '정용주20'})"
0.2,"frozenset({'김 원20', '이주형30', '최재영20', '정용주20'})"
0.2,"frozenset({'김 원20', '이주형30', '최재영20', '한명묵20'})"
0.2,"frozenset({'김 원20', '한명묵20', '이주형30', '정용주20', '최재영20'})"
0.2545454545454545,"frozenset({'유 준20', '이상웅20', '이주형30'})"
0.23636363636363636,"frozenset({'이상웅20', '이주형30', '오영민20'})"
0.21818181818181817,"frozenset({'유 준20', '이상웅20', '이주형30', '오영민20'})"
0.2,"frozenset({'정윤현10', '유 준20', '이주형30'})"
0.21818181818181817,"frozenset({'강상우20', '이상웅20', '이주형30'})"
0.2,"frozenset({'강상우20', '이주형30', '오영민20'})"
0.2,"frozenset({'강상우20', '유 준20', '이주형30'})"
0.2,"frozenset({'강상우20', '유 준20', '이상웅20', '이주형30'})"
0.34545454545454546,"frozenset({'정용주20', '정옥란20'})"
0.34545454545454546,"frozenset({'정옥란20', '한명묵20'})"
0.32727272727272727,"frozenset({'김 원20', '정옥란20'})"
0.2909090909090909,"frozenset({'오영민20', '정옥란20'})"
0.2909090909090909,"frozenset({'최재영20', '정옥란20'})"
0.2727272727272727,"frozenset({'이주형30', '정옥란20'})"
0.2727272727272727,"frozenset({'유 준20', '정옥란20'})"
0.23636363636363636,"frozenset({'김철연20', '정옥란20'})"
0.21818181818181817,"frozenset({'민 홍20', '정옥란20'})"
0.2909090909090909,"frozenset({'이상웅20', '정옥란20'})"
0.23636363636363636,"frozenset({'강상우20', '정옥란20'})"
0.34545454545454546,"frozenset({'정용주20', '정옥란20', '한명묵20'})"
0.32727272727272727,"frozenset({'김 원20', '정옥란20', '한명묵20'})"
0.32727272727272727,"frozenset({'김 원20', '정용주20', '정옥란20'})"
0.32727272727272727,"frozenset({'김 원20', '정용주20', '정옥란20', '한명묵20'})"
0.2,"frozenset({'오영민20', '정옥란20', '한명묵20'})"
0.2,"frozenset({'오영민20', '정용주20', '정옥란20'})"
0.2,"frozenset({'오영민20', '이상웅20', '정옥란20'})"
0.2,"frozenset({'오영민20', '정용주20', '정옥란20', '한명묵20'})"
0.23636363636363636,"frozenset({'김 원20', '최재영20', '정옥란20'})"
0.23636363636363636,"frozenset({'최재영20', '정옥란20', '한명묵20'})"
0.23636363636363636,"frozenset({'최재영20', '정옥란20', '정용주20'})"
0.21818181818181817,"frozenset({'오영민20', '최재영20', '정옥란20'})"
0.21818181818181817,"frozenset({'이상웅20', '최재영20', '정옥란20'})"
0.23636363636363636,"frozenset({'김 원20', '최재영20', '정옥란20', '한명묵20'})"
0.23636363636363636,"frozenset({'정용주20', '최재영20', '정옥란20', '한명묵20'})"
0.23636363636363636,"frozenset({'김 원20', '최재영20', '정옥란20', '정용주20'})"
0.23636363636363636,"frozenset({'김 원20', '한명묵20', '정옥란20', '정용주20', '최재영20'})"
0.21818181818181817,"frozenset({'오영민20', '이주형30', '정옥란20'})"
0.2,"frozenset({'이주형30', '정옥란20', '한명묵20'})"
0.2,"frozenset({'이주형30', '정옥란20', '정용주20'})"
0.2,"frozenset({'정용주20', '이주형30', '정옥란20', '한명묵20'})"
0.2545454545454545,"frozenset({'유 준20', '이주형30', '정옥란20'})"
0.21818181818181817,"frozenset({'오영민20', '유 준20', '정옥란20'})"
0.2,"frozenset({'유 준20', '정옥란20', '한명묵20'})"
0.2,"frozenset({'유 준20', '정용주20', '정옥란20'})"
0.2,"frozenset({'유 준20', '이상웅20', '정옥란20'})"
0.21818181818181817,"frozenset({'오영민20', '유 준20', '이주형30', '정옥란20'})"
0.2,"frozenset({'유 준20', '정용주20', '정옥란20', '한명묵20'})"
0.21818181818181817,"frozenset({'오영민20', '민 홍20', '정옥란20'})"
0.2,"frozenset({'김 원20', '이상웅20', '정옥란20'})"
0.2,"frozenset({'이상웅20', '정옥란20', '한명묵20'})"
0.2,"frozenset({'이상웅20', '정용주20', '정옥란20'})"
0.2,"frozenset({'김 원20', '이상웅20', '정옥란20', '한명묵20'})"
0.2,"frozenset({'김 원20', '이상웅20', '정용주20', '정옥란20'})"
0.2,"frozenset({'이상웅20', '정용주20', '정옥란20', '한명묵20'})"
0.2,"frozenset({'김 원20', '한명묵20', '이상웅20', '정용주20', '정옥란20'})"
0.2,"frozenset({'강상우20', '이상웅20', '정옥란20'})"
0.2,"frozenset({'강상우20', '김 원20', '정옥란20'})"
0.2,"frozenset({'강상우20', '정옥란20', '한명묵20'})"
0.2,"frozenset({'강상우20', '정용주20', '정옥란20'})"
0.2,"frozenset({'강상우20', '김 원20', '정옥란20', '한명묵20'})"
0.2,"frozenset({'강상우20', '정용주20', '정옥란20', '한명묵20'})"
0.2,"frozenset({'강상우20', '김 원20', '정용주20', '정옥란20'})"
0.2,"frozenset({'김 원20', '한명묵20', '강상우20', '정용주20', '정옥란20'})"
0.34545454545454546,"frozenset({'최기호10', '최재영20'})"
0.2727272727272727,"frozenset({'최기호10', '오영민20'})"
0.2545454545454545,"frozenset({'최기호10', '이주형30'})"
0.2545454545454545,"frozenset({'최기호10', '유 준20'})"
0.23636363636363636,"frozenset({'최기호10', '정옥란20'})"
0.23636363636363636,"frozenset({'최기호10', '정용주20'})"
0.23636363636363636,"frozenset({'최기호10', '김 원20'})"
0.23636363636363636,"frozenset({'최기호10', '한명묵20'})"
0.2,"frozenset({'최기호10', '김철연20'})"
0.2,"frozenset({'최기호10', '민 홍20'})"
0.32727272727272727,"frozenset({'최기호10', '이상웅20'})"
0.2545454545454545,"frozenset({'최기호10', '정윤현10'})"
0.23636363636363636,"frozenset({'최기호10', '강상우20'})"
0.21818181818181817,"frozenset({'최기호10', '차영운20'})"
0.2545454545454545,"frozenset({'최기호10', '오영민20', '최재영20'})"
0.21818181818181817,"frozenset({'최기호10', '이상웅20', '오영민20'})"
0.2,"frozenset({'최기호10', '오영민20', '이상웅20', '최재영20'})"
0.21818181818181817,"frozenset({'최기호10', '이주형30', '오영민20'})"
0.21818181818181817,"frozenset({'최기호10', '이주형30', '최재영20'})"
0.2,"frozenset({'최기호10', '이주형30', '최재영20', '오영민20'})"
0.21818181818181817,"frozenset({'최기호10', '유 준20', '이주형30'})"
0.21818181818181817,"frozenset({'최기호10', '유 준20', '오영민20'})"
0.2,"frozenset({'최기호10', '유 준20', '최재영20'})"
0.21818181818181817,"frozenset({'최기호10', '유 준20', '이상웅20'})"
0.2,"frozenset({'최기호10', '오영민20', '유 준20', '이주형30'})"
0.2,"frozenset({'최기호10', '오영민20', '유 준20', '최재영20'})"
0.21818181818181817,"frozenset({'최기호10', '최재영20', '정옥란20'})"
0.23636363636363636,"frozenset({'최기호10', '정용주20', '최재영20'})"
0.23636363636363636,"frozenset({'최기호10', '김 원20', '정용주20'})"
0.23636363636363636,"frozenset({'최기호10', '김 원20', '최재영20'})"
0.23636363636363636,"frozenset({'최기호10', '김 원20', '정용주20', '최재영20'})"
0.23636363636363636,"frozenset({'최기호10', '김 원20', '한명묵20'})"
0.23636363636363636,"frozenset({'최기호10', '정용주20', '한명묵20'})"
0.23636363636363636,"frozenset({'최기호10', '최재영20', '한명묵20'})"
0.23636363636363636,"frozenset({'최기호10', '김 원20', '정용주20', '한명묵20'})"
0.23636363636363636,"frozenset({'최기호10', '김 원20', '최재영20', '한명묵20'})"
0.23636363636363636,"frozenset({'최기호10', '정용주20', '최재영20', '한명묵20'})"
0.23636363636363636,"frozenset({'김 원20', '한명묵20', '최기호10', '정용주20', '최재영20'})"
0.2,"frozenset({'최기호10', '민 홍20', '오영민20'})"
0.2545454545454545,"frozenset({'최기호10', '이상웅20', '최재영20'})"
0.2,"frozenset({'최기호10', '이상웅20', '정윤현10'})"
0.21818181818181817,"frozenset({'최기호10', '강상우20', '이상웅20'})"
0.2,"frozenset({'최기호10', '강상우20', '최재영20'})"
0.21818181818181817,"frozenset({'최기호10', '강상우20', '차영운20'})"
0.2,"frozenset({'최기호10', '이상웅20', '차영운20'})"
0.2,"frozenset({'최기호10', '강상우20', '이상웅20', '차영운20'})"
0.3090909090909091,"frozenset({'노웅기30', '정옥란20'})"
0.3090909090909091,"frozenset({'노웅기30', '정용주20'})"
0.3090909090909091,"frozenset({'노웅기30', '김 원20'})"
0.3090909090909091,"frozenset({'노웅기30', '한명묵20'})"
0.2727272727272727,"frozenset({'노웅기30', '오영민20'})"
0.2727272727272727,"frozenset({'노웅기30', '최재영20'})"
0.23636363636363636,"frozenset({'김철연20', '노웅기30'})"
0.23636363636363636,"frozenset({'노웅기30', '유 준20'})"
0.21818181818181817,"frozenset({'노웅기30', '이주형30'})"
0.2,"frozenset({'최기호10', '노웅기30'})"
0.2727272727272727,"frozenset({'노웅기30', '이상웅20'})"
0.21818181818181817,"frozenset({'노웅기30', '강상우20'})"
0.2727272727272727,"frozenset({'노웅기30', '정용주20', '정옥란20'})"
0.2909090909090909,"frozenset({'노웅기30', '김 원20', '정용주20'})"
0.2545454545454545,"frozenset({'노웅기30', '김 원20', '정옥란20'})"
0.2545454545454545,"frozenset({'노웅기30', '김 원20', '정용주20', '정옥란20'})"
0.3090909090909091,"frozenset({'노웅기30', '정용주20', '한명묵20'})"
0.2909090909090909,"frozenset({'노웅기30', '김 원20', '한명묵20'})"
0.2727272727272727,"frozenset({'노웅기30', '정옥란20', '한명묵20'})"
0.2909090909090909,"frozenset({'노웅기30', '김 원20', '정용주20', '한명묵20'})"
0.2727272727272727,"frozenset({'노웅기30', '정용주20', '정옥란20', '한명묵20'})"
0.2545454545454545,"frozenset({'노웅기30', '김 원20', '정옥란20', '한명묵20'})"
0.2545454545454545,"frozenset({'노웅기30', '김 원20', '한명묵20', '정용주20', '정옥란20'})"
0.21818181818181817,"frozenset({'노웅기30', '오영민20', '한명묵20'})"
0.21818181818181817,"frozenset({'노웅기30', '정용주20', '오영민20'})"
0.21818181818181817,"frozenset({'노웅기30', '오영민20', '정옥란20'})"
0.2,"frozenset({'노웅기30', '김 원20', '오영민20'})"
0.21818181818181817,"frozenset({'노웅기30', '정용주20', '오영민20', '한명묵20'})"
0.2,"frozenset({'노웅기30', '김 원20', '정용주20', '오영민20'})"
0.2,"frozenset({'노웅기30', '김 원20', '오영민20', '한명묵20'})"
0.2,"frozenset({'노웅기30', '김 원20', '오영민20', '한명묵20', '정용주20'})"
0.2545454545454545,"frozenset({'노웅기30', '김 원20', '최재영20'})"
0.23636363636363636,"frozenset({'노웅기30', '최재영20', '한명묵20'})"
0.23636363636363636,"frozenset({'노웅기30', '정용주20', '최재영20'})"
0.2,"frozenset({'노웅기30', '오영민20', '최재영20'})"
0.2,"frozenset({'노웅기30', '정옥란20', '최재영20'})"
0.21818181818181817,"frozenset({'노웅기30', '이상웅20', '최재영20'})"
0.23636363636363636,"frozenset({'노웅기30', '김 원20', '최재영20', '한명묵20'})"
0.23636363636363636,"frozenset({'노웅기30', '정용주20', '최재영20', '한명묵20'})"
0.23636363636363636,"frozenset({'노웅기30', '김 원20', '정용주20', '최재영20'})"
0.23636363636363636,"frozenset({'노웅기30', '김 원20', '한명묵20', '정용주20', '최재영20'})"
0.2,"frozenset({'노웅기30', '정옥란20', '정용주20', '최재영20'})"
0.2,"frozenset({'노웅기30', '정옥란20', '최재영20', '한명묵20'})"
0.2,"frozenset({'노웅기30', '정옥란20', '김 원20', '최재영20'})"
0.2,"frozenset({'노웅기30', '한명묵20', '정옥란20', '정용주20', '최재영20'})"
0.2,"frozenset({'노웅기30', '김 원20', '정옥란20', '정용주20', '최재영20'})"
0.2,"frozenset({'노웅기30', '김 원20', '한명묵20', '정옥란20', '최재영20'})"
0.2,"frozenset({'노웅기30', '김 원20', '한명묵20', '정옥란20', '정용주20', '최재영20'})"
0.2,"frozenset({'노웅기30', '김 원20', '이상웅20', '최재영20'})"
0.2,"frozenset({'김철연20', '노웅기30', '오영민20'})"
0.2,"frozenset({'노웅기30', '유 준20', '오영민20'})"
0.2,"frozenset({'노웅기30', '유 준20', '정옥란20'})"
0.21818181818181817,"frozenset({'노웅기30', '유 준20', '이주형30'})"
0.2,"frozenset({'노웅기30', '이주형30', '오영민20'})"
0.2,"frozenset({'노웅기30', '이주형30', '정옥란20'})"
0.2,"frozenset({'노웅기30', '유 준20', '이주형30', '오영민20'})"
0.2,"frozenset({'노웅기30', '유 준20', '이주형30', '정옥란20'})"
0.2,"frozenset({'노웅기30', '김 원20', '이상웅20'})"
0.2,"frozenset({'노웅기30', '강상우20', '한명묵20'})"
0.2,"frozenset({'노웅기30', '강상우20', '김 원20'})"
0.2,"frozenset({'노웅기30', '강상우20', '정용주20'})"
0.2,"frozenset({'노웅기30', '강상우20', '정옥란20'})"
0.2,"frozenset({'노웅기30', '강상우20', '김 원20', '한명묵20'})"
0.2,"frozenset({'노웅기30', '강상우20', '김 원20', '정용주20'})"
0.2,"frozenset({'노웅기30', '강상우20', '정용주20', '한명묵20'})"
0.2,"frozenset({'노웅기30', '김 원20', '한명묵20', '강상우20', '정용주20'})"
0.32727272727272727,"frozenset({'정윤현20', '정용주20'})"
0.32727272727272727,"frozenset({'정윤현20', '한명묵20'})"
0.3090909090909091,"frozenset({'정윤현20', '오영민20'})"
0.3090909090909091,"frozenset({'김 원20', '정윤현20'})"
0.2909090909090909,"frozenset({'정윤현20', '최재영20'})"
0.2545454545454545,"frozenset({'정윤현20', '정옥란20'})"
0.21818181818181817,"frozenset({'노웅기30', '정윤현20'})"
0.2,"frozenset({'민 홍20', '정윤현20'})"
0.2,"frozenset({'유 준20', '정윤현20'})"
0.23636363636363636,"frozenset({'이상웅20', '정윤현20'})"
0.2,"frozenset({'강상우20', '정윤현20'})"
0.32727272727272727,"frozenset({'정용주20', '정윤현20', '한명묵20'})"
0.2545454545454545,"frozenset({'정윤현20', '오영민20', '한명묵20'})"
0.2545454545454545,"frozenset({'정윤현20', '오영민20', '정용주20'})"
0.2545454545454545,"frozenset({'정용주20', '정윤현20', '오영민20', '한명묵20'})"
0.3090909090909091,"frozenset({'김 원20', '정윤현20', '한명묵20'})"
0.3090909090909091,"frozenset({'김 원20', '정윤현20', '정용주20'})"
0.23636363636363636,"frozenset({'김 원20', '정윤현20', '오영민20'})"
0.3090909090909091,"frozenset({'김 원20', '정윤현20', '정용주20', '한명묵20'})"
0.23636363636363636,"frozenset({'김 원20', '정윤현20', '오영민20', '한명묵20'})"
0.23636363636363636,"frozenset({'김 원20', '정윤현20', '오영민20', '정용주20'})"
0.23636363636363636,"frozenset({'김 원20', '오영민20', '한명묵20', '정윤현20', '정용주20'})"
0.2545454545454545,"frozenset({'오영민20', '정윤현20', '최재영20'})"
0.23636363636363636,"frozenset({'김 원20', '정윤현20', '최재영20'})"
0.23636363636363636,"frozenset({'정윤현20', '최재영20', '한명묵20'})"
0.23636363636363636,"frozenset({'정윤현20', '최재영20', '정용주20'})"
0.2,"frozenset({'최재영20', '김 원20', '정윤현20', '오영민20'})"
0.23636363636363636,"frozenset({'김 원20', '정윤현20', '최재영20', '한명묵20'})"
0.2,"frozenset({'최재영20', '정윤현20', '오영민20', '한명묵20'})"
0.2,"frozenset({'김 원20', '오영민20', '한명묵20', '정윤현20', '최재영20'})"
0.23636363636363636,"frozenset({'정용주20', '정윤현20', '최재영20', '한명묵20'})"
0.23636363636363636,"frozenset({'김 원20', '정윤현20', '최재영20', '정용주20'})"
0.2,"frozenset({'오영민20', '정윤현20', '최재영20', '정용주20'})"
0.23636363636363636,"frozenset({'김 원20', '한명묵20', '정윤현20', '정용주20', '최재영20'})"
0.2,"frozenset({'오영민20', '한명묵20', '정윤현20', '정용주20', '최재영20'})"
0.2,"frozenset({'김 원20', '오영민20', '정윤현20', '정용주20', '최재영20'})"
0.2,"frozenset({'김 원20', '오영민20', '한명묵20', '정윤현20', '정용주20', '최재영20'})"
0.21818181818181817,"frozenset({'정윤현20', '정옥란20', '한명묵20'})"
0.21818181818181817,"frozenset({'정윤현20', '정옥란20', '정용주20'})"
0.2,"frozenset({'김 원20', '정윤현20', '정옥란20'})"
0.2,"frozenset({'오영민20', '정윤현20', '정옥란20'})"
0.21818181818181817,"frozenset({'정용주20', '정윤현20', '정옥란20', '한명묵20'})"
0.2,"frozenset({'김 원20', '정윤현20', '정옥란20', '정용주20'})"
0.2,"frozenset({'김 원20', '정윤현20', '정옥란20', '한명묵20'})"
0.2,"frozenset({'김 원20', '한명묵20', '정윤현20', '정용주20', '정옥란20'})"
0.21818181818181817,"frozenset({'노웅기30', '정윤현20', '한명묵20'})"
0.21818181818181817,"frozenset({'노웅기30', '정윤현20', '정용주20'})"
0.2,"frozenset({'노웅기30', '정윤현20', '정옥란20'})"
0.2,"frozenset({'노웅기30', '김 원20', '정윤현20'})"
0.21818181818181817,"frozenset({'노웅기30', '정용주20', '정윤현20', '한명묵20'})"
0.2,"frozenset({'노웅기30', '정윤현20', '정옥란20', '정용주20'})"
0.2,"frozenset({'노웅기30', '정윤현20', '정옥란20', '한명묵20'})"
0.2,"frozenset({'노웅기30', '한명묵20', '정윤현20', '정용주20', '정옥란20'})"
0.2,"frozenset({'노웅기30', '김 원20', '정윤현20', '정용주20'})"
0.2,"frozenset({'노웅기30', '김 원20', '정윤현20', '한명묵20'})"
0.2,"frozenset({'노웅기30', '김 원20', '한명묵20', '정윤현20', '정용주20'})"
0.2,"frozenset({'민 홍20', '정윤현20', '오영민20'})"
0.2,"frozenset({'이상웅20', '정윤현20', '최재영20'})"
0.2909090909090909,"frozenset({'전영철20', '정용주20'})"
0.2909090909090909,"frozenset({'전영철20', '한명묵20'})"
0.2727272727272727,"frozenset({'전영철20', '이주형30'})"
0.2727272727272727,"frozenset({'전영철20', '유 준20'})"
0.2727272727272727,"frozenset({'전영철20', '김 원20'})"
0.23636363636363636,"frozenset({'전영철20', '오영민20'})"
0.2,"frozenset({'전영철20', '정옥란20'})"
0.2,"frozenset({'전영철20', '민 홍20'})"
0.2,"frozenset({'전영철20', '최재영20'})"
0.21818181818181817,"frozenset({'정윤현10', '전영철20'})"
0.21818181818181817,"frozenset({'전영철20', '이상웅20'})"
0.21818181818181817,"frozenset({'전영철20', '강상우20'})"
0.2,"frozenset({'전영철20', '차영운20'})"
0.2909090909090909,"frozenset({'전영철20', '정용주20', '한명묵20'})"
0.2,"frozenset({'전영철20', '이주형30', '한명묵20'})"
0.2,"frozenset({'전영철20', '정용주20', '이주형30'})"
0.2,"frozenset({'전영철20', '정용주20', '이주형30', '한명묵20'})"
0.23636363636363636,"frozenset({'전영철20', '유 준20', '이주형30'})"
0.2,"frozenset({'전영철20', '유 준20', '한명묵20'})"
0.2,"frozenset({'전영철20', '유 준20', '정용주20'})"
0.2,"frozenset({'전영철20', '유 준20', '정용주20', '한명묵20'})"
0.2727272727272727,"frozenset({'전영철20', '김 원20', '한명묵20'})"
0.2727272727272727,"frozenset({'전영철20', '김 원20', '정용주20'})"
0.2727272727272727,"frozenset({'전영철20', '김 원20', '정용주20', '한명묵20'})"
0.2,"frozenset({'전영철20', '강상우20', '차영운20'})"
0.2909090909090909,"frozenset({'최아영20', '최재영20'})"
0.2727272727272727,"frozenset({'최아영20', '오영민20'})"
0.2545454545454545,"frozenset({'최기호10', '최아영20'})"
0.2545454545454545,"frozenset({'최아영20', '이주형30'})"
0.2545454545454545,"frozenset({'유 준20', '최아영20'})"
0.23636363636363636,"frozenset({'노웅기30', '최아영20'})"
0.23636363636363636,"frozenset({'최아영20', '정옥란20'})"
0.23636363636363636,"frozenset({'김철연20', '최아영20'})"
0.2,"frozenset({'김 원20', '최아영20'})"
0.2727272727272727,"frozenset({'이상웅20', '최아영20'})"
0.21818181818181817,"frozenset({'정윤현10', '최아영20'})"
0.2,"frozenset({'최아영20', '조정찬20'})"
0.23636363636363636,"frozenset({'오영민20', '최아영20', '최재영20'})"
0.2,"frozenset({'이상웅20', '최아영20', '오영민20'})"
0.2,"frozenset({'최기호10', '최아영20', '오영민20'})"
0.2,"frozenset({'최기호10', '최아영20', '최재영20'})"
0.2,"frozenset({'최기호10', '이상웅20', '최아영20'})"
0.21818181818181817,"frozenset({'최기호10', '최아영20', '이주형30'})"
0.21818181818181817,"frozenset({'최아영20', '이주형30', '오영민20'})"
0.2,"frozenset({'최아영20', '이주형30', '최재영20'})"
0.2,"frozenset({'이상웅20', '최아영20', '이주형30'})"
0.23636363636363636,"frozenset({'유 준20', '최아영20', '이주형30'})"
0.21818181818181817,"frozenset({'최기호10', '유 준20', '최아영20'})"
0.21818181818181817,"frozenset({'유 준20', '최아영20', '오영민20'})"
0.21818181818181817,"frozenset({'이상웅20', '유 준20', '최아영20'})"
0.2,"frozenset({'최기호10', '유 준20', '최아영20', '이주형30'})"
0.21818181818181817,"frozenset({'오영민20', '유 준20', '최아영20', '이주형30'})"
0.2,"frozenset({'이상웅20', '유 준20', '최아영20', '이주형30'})"
0.2,"frozenset({'최아영20', '이주형30', '정옥란20'})"
0.2,"frozenset({'오영민20', '최아영20', '정옥란20'})"
0.2,"frozenset({'최아영20', '최재영20', '정옥란20'})"
0.2,"frozenset({'김 원20', '최아영20', '최재영20'})"
0.2,"frozenset({'이상웅20', '최아영20', '최재영20'})"
0.2,"frozenset({'정윤현10', '이상웅20', '최아영20'})"
0.2727272727272727,"frozenset({'김 원20', '조정찬30'})"
0.2545454545454545,"frozenset({'조정찬30', '한명묵20'})"
0.21818181818181817,"frozenset({'조정찬30', '정용주20'})"
0.2,"frozenset({'조정찬30', '최재영20'})"
0.2,"frozenset({'정윤현10', '조정찬30'})"
0.2545454545454545,"frozenset({'김 원20', '조정찬30', '한명묵20'})"
0.21818181818181817,"frozenset({'조정찬30', '정용주20', '한명묵20'})"
0.21818181818181817,"frozenset({'김 원20', '조정찬30', '정용주20'})"
0.21818181818181817,"frozenset({'김 원20', '조정찬30', '정용주20', '한명묵20'})"
0.2,"frozenset({'김 원20', '조정찬30', '최재영20'})"
0.2,"frozenset({'정윤현10', '김 원20', '조정찬30'})"
0.2545454545454545,"frozenset({'강상우30', '정용주20'})"
0.2545454545454545,"frozenset({'강상우30', '한명묵20'})"
0.23636363636363636,"frozenset({'김 원20', '강상우30'})"
0.2545454545454545,"frozenset({'정용주20', '강상우30', '한명묵20'})"
0.23636363636363636,"frozenset({'김 원20', '강상우30', '정용주20'})"
0.23636363636363636,"frozenset({'김 원20', '강상우30', '한명묵20'})"
0.23636363636363636,"frozenset({'김 원20', '강상우30', '정용주20', '한명묵20'})"
0.2545454545454545,"frozenset({'차영운30', '한명묵20'})"
0.23636363636363636,"frozenset({'차영운30', '김 원20'})"
0.21818181818181817,"frozenset({'차영운30', '정용주20'})"
0.2,"frozenset({'차영운30', '강상우30'})"
0.23636363636363636,"frozenset({'차영운30', '김 원20', '한명묵20'})"
0.21818181818181817,"frozenset({'차영운30', '정용주20', '한명묵20'})"
0.2,"frozenset({'차영운30', '김 원20', '정용주20'})"
0.2,"frozenset({'차영운30', '김 원20', '정용주20', '한명묵20'})"
0.2,"frozenset({'차영운30', '강상우30', '정용주20'})"
0.2,"frozenset({'차영운30', '강상우30', '한명묵20'})"
0.2,"frozenset({'차영운30', '정용주20', '강상우30', '한명묵20'})"
0.2,"frozenset({'최재혁30', '정용주20'})"
0.2,"frozenset({'최재혁30', '김 원20'})"
0.2,"frozenset({'최재혁30', '한명묵20'})"
0.2,"frozenset({'최재혁30', '정용주20', '한명묵20'})"
0.2,"frozenset({'이상웅30', '정용주20'})"
0.2,"frozenset({'이상웅30', '한명묵20'})"
0.2,"frozenset({'이상웅30', '정용주20', '한명묵20'})"
0.45454545454545453,"frozenset({'김 원20', '이상웅20'})"
0.43636363636363634,"frozenset({'이상웅20', '한명묵20'})"
0.43636363636363634,"frozenset({'김 원20', '이상웅20', '한명묵20'})"
0.4,"frozenset({'정윤현10', '이상웅20'})"
0.38181818181818183,"frozenset({'정윤현10', '김 원20'})"
0.36363636363636365,"frozenset({'정윤현10', '한명묵20'})"
0.3090909090909091,"frozenset({'정윤현10', '정용주20'})"
0.34545454545454546,"frozenset({'정윤현10', '최재영20'})"
0.32727272727272727,"frozenset({'정윤현10', '오영민20'})"
0.2545454545454545,"frozenset({'정윤현10', '김 원20', '이상웅20'})"
0.36363636363636365,"frozenset({'정윤현10', '김 원20', '한명묵20'})"
0.23636363636363636,"frozenset({'정윤현10', '이상웅20', '한명묵20'})"
0.23636363636363636,"frozenset({'정윤현10', '김 원20', '이상웅20', '한명묵20'})"
0.3090909090909091,"frozenset({'정윤현10', '정용주20', '한명묵20'})"
0.3090909090909091,"frozenset({'정윤현10', '김 원20', '정용주20'})"
0.2,"frozenset({'정윤현10', '이상웅20', '정용주20'})"
0.3090909090909091,"frozenset({'정윤현10', '김 원20', '정용주20', '한명묵20'})"
0.2,"frozenset({'정윤현10', '이상웅20', '정용주20', '한명묵20'})"
0.2,"frozenset({'정윤현10', '김 원20', '이상웅20', '정용주20'})"
0.2,"frozenset({'김 원20', '한명묵20', '정윤현10', '이상웅20', '정용주20'})"
0.23636363636363636,"frozenset({'정윤현10', '김 원20', '최재영20'})"
0.23636363636363636,"frozenset({'정윤현10', '이상웅20', '최재영20'})"
0.21818181818181817,"frozenset({'정윤현10', '최재영20', '한명묵20'})"
0.21818181818181817,"frozenset({'정윤현10', '김 원20', '최재영20', '한명묵20'})"
0.2545454545454545,"frozenset({'정윤현10', '이상웅20', '오영민20'})"
0.23636363636363636,"frozenset({'정윤현10', '오영민20', '최재영20'})"
0.34545454545454546,"frozenset({'이상웅20', '조정찬20'})"
0.2909090909090909,"frozenset({'김 원20', '조정찬20'})"
0.2909090909090909,"frozenset({'조정찬20', '한명묵20'})"
0.2727272727272727,"frozenset({'정윤현10', '조정찬20'})"
0.2727272727272727,"frozenset({'정용주20', '조정찬20'})"
0.2545454545454545,"frozenset({'유 준20', '조정찬20'})"
0.21818181818181817,"frozenset({'조정찬20', '이주형30'})"
0.2,"frozenset({'조정찬20', '정옥란20'})"
0.2,"frozenset({'김철연20', '조정찬20'})"
0.3090909090909091,"frozenset({'조정찬20', '최재영20'})"
0.2909090909090909,"frozenset({'조정찬20', '오영민20'})"
0.2545454545454545,"frozenset({'차영운20', '조정찬20'})"
0.2545454545454545,"frozenset({'강상우20', '조정찬20'})"
0.23636363636363636,"frozenset({'최기호10', '조정찬20'})"
0.2,"frozenset({'민 홍20', '조정찬20'})"
0.23636363636363636,"frozenset({'김 원20', '이상웅20', '조정찬20'})"
0.21818181818181817,"frozenset({'김 원20', '조정찬20', '최재영20'})"
0.2,"frozenset({'김 원20', '조정찬20', '오영민20'})"
0.2,"frozenset({'김 원20', '조정찬20', '이상웅20', '최재영20'})"
0.2,"frozenset({'김 원20', '조정찬20', '최재영20', '오영민20'})"
0.2909090909090909,"frozenset({'김 원20', '조정찬20', '한명묵20'})"
0.23636363636363636,"frozenset({'이상웅20', '조정찬20', '한명묵20'})"
0.21818181818181817,"frozenset({'조정찬20', '최재영20', '한명묵20'})"
0.2,"frozenset({'조정찬20', '오영민20', '한명묵20'})"
0.23636363636363636,"frozenset({'김 원20', '이상웅20', '조정찬20', '한명묵20'})"
0.21818181818181817,"frozenset({'김 원20', '조정찬20', '최재영20', '한명묵20'})"
0.2,"frozenset({'이상웅20', '조정찬20', '최재영20', '한명묵20'})"
0.2,"frozenset({'김 원20', '한명묵20', '조정찬20', '이상웅20', '최재영20'})"
0.2,"frozenset({'조정찬20', '최재영20', '오영민20', '한명묵20'})"
0.2,"frozenset({'김 원20', '조정찬20', '오영민20', '한명묵20'})"
0.2,"frozenset({'김 원20', '오영민20', '한명묵20', '조정찬20', '최재영20'})"
0.21818181818181817,"frozenset({'정윤현10', '이상웅20', '조정찬20'})"
0.2727272727272727,"frozenset({'정용주20', '조정찬20', '한명묵20'})"
0.2727272727272727,"frozenset({'김 원20', '정용주20', '조정찬20'})"
0.23636363636363636,"frozenset({'이상웅20', '정용주20', '조정찬20'})"
0.21818181818181817,"frozenset({'조정찬20', '정용주20', '최재영20'})"
0.2,"frozenset({'조정찬20', '정용주20', '오영민20'})"
0.2727272727272727,"frozenset({'김 원20', '정용주20', '조정찬20', '한명묵20'})"
0.23636363636363636,"frozenset({'김 원20', '이상웅20', '정용주20', '조정찬20'})"
0.23636363636363636,"frozenset({'이상웅20', '정용주20', '조정찬20', '한명묵20'})"
0.23636363636363636,"frozenset({'김 원20', '한명묵20', '조정찬20', '이상웅20', '정용주20'})"
0.21818181818181817,"frozenset({'김 원20', '조정찬20', '정용주20', '최재영20'})"
0.21818181818181817,"frozenset({'조정찬20', '정용주20', '최재영20', '한명묵20'})"
0.2,"frozenset({'이상웅20', '조정찬20', '정용주20', '최재영20'})"
0.21818181818181817,"frozenset({'김 원20', '한명묵20', '조정찬20', '정용주20', '최재영20'})"
0.2,"frozenset({'김 원20', '조정찬20', '이상웅20', '정용주20', '최재영20'})"
0.2,"frozenset({'한명묵20', '조정찬20', '이상웅20', '정용주20', '최재영20'})"
0.2,"frozenset({'김 원20', '한명묵20', '조정찬20', '이상웅20', '정용주20', '최재영20'})"
0.2,"frozenset({'조정찬20', '최재영20', '오영민20', '정용주20'})"
0.2,"frozenset({'김 원20', '조정찬20', '정용주20', '오영민20'})"
0.2,"frozenset({'조정찬20', '정용주20', '오영민20', '한명묵20'})"
0.2,"frozenset({'김 원20', '오영민20', '조정찬20', '정용주20', '최재영20'})"
0.2,"frozenset({'오영민20', '한명묵20', '조정찬20', '정용주20', '최재영20'})"
0.2,"frozenset({'김 원20', '오영민20', '한명묵20', '조정찬20', '정용주20'})"
0.2,"frozenset({'김 원20', '오영민20', '한명묵20', '조정찬20', '정용주20', '최재영20'})"
0.2545454545454545,"frozenset({'유 준20', '이상웅20', '조정찬20'})"
0.2,"frozenset({'유 준20', '정용주20', '조정찬20'})"
0.2,"frozenset({'유 준20', '조정찬20', '한명묵20'})"
0.2,"frozenset({'김 원20', '유 준20', '조정찬20'})"
0.2,"frozenset({'강상우20', '유 준20', '조정찬20'})"
0.2,"frozenset({'유 준20', '조정찬20', '오영민20'})"
0.2,"frozenset({'유 준20', '조정찬20', '최재영20'})"
0.2,"frozenset({'유 준20', '이상웅20', '정용주20', '조정찬20'})"
0.2,"frozenset({'유 준20', '정용주20', '조정찬20', '한명묵20'})"
0.2,"frozenset({'유 준20', '이상웅20', '조정찬20', '한명묵20'})"
0.2,"frozenset({'한명묵20', '조정찬20', '유 준20', '이상웅20', '정용주20'})"
0.2,"frozenset({'김 원20', '유 준20', '조정찬20', '한명묵20'})"
0.2,"frozenset({'김 원20', '유 준20', '정용주20', '조정찬20'})"
0.2,"frozenset({'김 원20', '유 준20', '이상웅20', '조정찬20'})"
0.2,"frozenset({'김 원20', '한명묵20', '조정찬20', '유 준20', '정용주20'})"
0.2,"frozenset({'김 원20', '한명묵20', '조정찬20', '유 준20', '이상웅20'})"
0.2,"frozenset({'김 원20', '조정찬20', '유 준20', '이상웅20', '정용주20'})"
0.2,"frozenset({'김 원20', '한명묵20', '조정찬20', '유 준20', '이상웅20', '정용주20'})"
0.2,"frozenset({'강상우20', '유 준20', '이상웅20', '조정찬20'})"
0.2,"frozenset({'이상웅20', '유 준20', '조정찬20', '오영민20'})"
0.2,"frozenset({'유 준20', '조정찬20', '최재영20', '오영민20'})"
0.2,"frozenset({'이상웅20', '유 준20', '조정찬20', '최재영20'})"
0.2,"frozenset({'오영민20', '조정찬20', '유 준20', '이상웅20', '최재영20'})"
0.2,"frozenset({'유 준20', '조정찬20', '이주형30'})"
0.2,"frozenset({'이상웅20', '조정찬20', '이주형30'})"
0.2,"frozenset({'강상우20', '조정찬20', '이주형30'})"
0.2,"frozenset({'이상웅20', '유 준20', '조정찬20', '이주형30'})"
0.2727272727272727,"frozenset({'이상웅20', '조정찬20', '최재영20'})"
0.2909090909090909,"frozenset({'조정찬20', '최재영20', '오영민20'})"
0.2545454545454545,"frozenset({'이상웅20', '조정찬20', '오영민20'})"
0.2545454545454545,"frozenset({'이상웅20', '조정찬20', '최재영20', '오영민20'})"
0.21818181818181817,"frozenset({'정윤현10', '차영운20', '조정찬20'})"
0.21818181818181817,"frozenset({'이상웅20', '차영운20', '조정찬20'})"
0.23636363636363636,"frozenset({'강상우20', '이상웅20', '조정찬20'})"
0.21818181818181817,"frozenset({'강상우20', '차영운20', '조정찬20'})"
0.2,"frozenset({'강상우20', '조정찬20', '최재영20'})"
0.2,"frozenset({'강상우20', '이상웅20', '차영운20', '조정찬20'})"
0.21818181818181817,"frozenset({'최기호10', '이상웅20', '조정찬20'})"
0.2,"frozenset({'최기호10', '조정찬20', '오영민20'})"
0.2,"frozenset({'최기호10', '조정찬20', '최재영20'})"
0.2,"frozenset({'최기호10', '조정찬20', '최재영20', '오영민20'})"
0.2,"frozenset({'조정찬20', '민 홍20', '오영민20'})"
0.2,"frozenset({'조정찬20', '민 홍20', '최재영20'})"
0.2,"frozenset({'민 홍20', '조정찬20', '최재영20', '오영민20'})"
0.2727272727272727,"frozenset({'이상웅20', '민 홍10'})"
0.23636363636363636,"frozenset({'정윤현10', '민 홍10'})"
0.23636363636363636,"frozenset({'김 원20', '민 홍10'})"
0.21818181818181817,"frozenset({'김철연20', '민 홍10'})"
0.21818181818181817,"frozenset({'정용주20', '민 홍10'})"
0.21818181818181817,"frozenset({'민 홍10', '한명묵20'})"
0.21818181818181817,"frozenset({'최재영20', '민 홍10'})"
0.2,"frozenset({'차영운20', '민 홍10'})"
0.2,"frozenset({'강상우20', '민 홍10'})"
0.2,"frozenset({'정윤현10', '이상웅20', '민 홍10'})"
0.21818181818181817,"frozenset({'김 원20', '정용주20', '민 홍10'})"
0.21818181818181817,"frozenset({'민 홍10', '정용주20', '한명묵20'})"
0.21818181818181817,"frozenset({'김 원20', '민 홍10', '한명묵20'})"
0.21818181818181817,"frozenset({'민 홍10', '김 원20', '정용주20', '한명묵20'})"
0.21818181818181817,"frozenset({'정윤현10', '노웅기20'})"
0.2,"frozenset({'황효석30', '조정찬20'})"
0.2,"frozenset({'김 원20', '황효석30'})"
0.2,"frozenset({'황효석30', '한명묵20'})"
0.2,"frozenset({'김 원20', '황효석30', '한명묵20'})"
0.2,"frozenset({'오영민10', '민 홍10'})"
0.2,"frozenset({'정윤현10', '오영민10'})"
0.2545454545454545,"frozenset({'김 원20', '최재혁20'})"
0.2545454545454545,"frozenset({'최재혁20', '한명묵20'})"
0.21818181818181817,"frozenset({'정윤현10', '최재혁20'})"
0.3090909090909091,"frozenset({'이상웅20', '최재혁20'})"
0.2545454545454545,"frozenset({'최재영20', '최재혁20'})"
0.23636363636363636,"frozenset({'오영민20', '최재혁20'})"
0.21818181818181817,"frozenset({'최기호10', '최재혁20'})"
0.21818181818181817,"frozenset({'강상우20', '최재혁20'})"
0.2,"frozenset({'이주형30', '최재혁20'})"
0.2,"frozenset({'정용주20', '최재혁20'})"
0.21818181818181817,"frozenset({'김 원20', '최재영20', '최재혁20'})"
0.2,"frozenset({'김 원20', '이상웅20', '최재혁20'})"
0.2545454545454545,"frozenset({'김 원20', '최재혁20', '한명묵20'})"
0.21818181818181817,"frozenset({'최재영20', '최재혁20', '한명묵20'})"
0.2,"frozenset({'이상웅20', '최재혁20', '한명묵20'})"
0.21818181818181817,"frozenset({'김 원20', '최재영20', '최재혁20', '한명묵20'})"
0.2,"frozenset({'김 원20', '이상웅20', '최재혁20', '한명묵20'})"
0.21818181818181817,"frozenset({'이상웅20', '최재영20', '최재혁20'})"
0.23636363636363636,"frozenset({'오영민20', '이상웅20', '최재혁20'})"
0.2,"frozenset({'오영민20', '최재영20', '최재혁20'})"
0.2,"frozenset({'오영민20', '이상웅20', '최재영20', '최재혁20'})"
0.21818181818181817,"frozenset({'강상우20', '이상웅20', '최재혁20'})"
0.2,"frozenset({'정용주20', '최재혁20', '한명묵20'})"
0.2,"frozenset({'김 원20', '정용주20', '최재혁20'})"
0.2,"frozenset({'김 원20', '정용주20', '최재혁20', '한명묵20'})"
0.2727272727272727,"frozenset({'정윤현10', '정용주10'})"
0.2545454545454545,"frozenset({'이상웅20', '정용주10'})"
0.21818181818181817,"frozenset({'정용주10', '오영민20'})"
0.2,"frozenset({'정용주10', '최재영20'})"
0.2,"frozenset({'정윤현10', '이상웅20', '정용주10'})"
0.21818181818181817,"frozenset({'정윤현10', '전영철10'})"
0.21818181818181817,"frozenset({'강상우20', '전영철10'})"
0.21818181818181817,"frozenset({'오영민20', '전영철10'})"
0.21818181818181817,"frozenset({'이상웅20', '전영철10'})"
0.2,"frozenset({'최재영20', '전영철10'})"
0.2909090909090909,"frozenset({'정윤현10', '정옥란10'})"
0.2,"frozenset({'정옥란10', '최재영20'})"
0.2,"frozenset({'정윤현10', '유 준10'})"
0.2,"frozenset({'황효석20', '차영운10'})"
0.2,"frozenset({'이상웅20', '차영운10'})"
0.2,"frozenset({'정윤현10', '이주형20'})"
0.4,"frozenset({'강상우20', '이상웅20'})"
0.36363636363636365,"frozenset({'강상우20', '김 원20'})"
0.36363636363636365,"frozenset({'강상우20', '한명묵20'})"
0.34545454545454546,"frozenset({'강상우20', '최재영20'})"
0.32727272727272727,"frozenset({'강상우20', '오영민20'})"
0.32727272727272727,"frozenset({'강상우20', '정용주20'})"
0.3090909090909091,"frozenset({'정윤현10', '강상우20'})"
0.2909090909090909,"frozenset({'강상우20', '김 원20', '이상웅20'})"
0.36363636363636365,"frozenset({'강상우20', '김 원20', '한명묵20'})"
0.2909090909090909,"frozenset({'강상우20', '이상웅20', '한명묵20'})"
0.2909090909090909,"frozenset({'강상우20', '김 원20', '이상웅20', '한명묵20'})"
0.2909090909090909,"frozenset({'강상우20', '이상웅20', '최재영20'})"
0.2727272727272727,"frozenset({'강상우20', '최재영20', '한명묵20'})"
0.2727272727272727,"frozenset({'강상우20', '김 원20', '최재영20'})"
0.2545454545454545,"frozenset({'강상우20', '이상웅20', '최재영20', '한명묵20'})"
0.2727272727272727,"frozenset({'강상우20', '김 원20', '최재영20', '한명묵20'})"
0.2545454545454545,"frozenset({'강상우20', '김 원20', '이상웅20', '최재영20'})"
0.2545454545454545,"frozenset({'김 원20', '한명묵20', '강상우20', '이상웅20', '최재영20'})"
0.2727272727272727,"frozenset({'강상우20', '오영민20', '최재영20'})"
0.2545454545454545,"frozenset({'강상우20', '이상웅20', '오영민20'})"
0.23636363636363636,"frozenset({'강상우20', '오영민20', '한명묵20'})"
0.23636363636363636,"frozenset({'강상우20', '김 원20', '오영민20'})"
0.21818181818181817,"frozenset({'강상우20', '오영민20', '이상웅20', '최재영20'})"
0.2,"frozenset({'강상우20', '이상웅20', '오영민20', '한명묵20'})"
0.2,"frozenset({'강상우20', '오영민20', '최재영20', '한명묵20'})"
0.23636363636363636,"frozenset({'강상우20', '김 원20', '오영민20', '한명묵20'})"
0.2,"frozenset({'강상우20', '김 원20', '이상웅20', '오영민20'})"
0.2,"frozenset({'오영민20', '강상우20', '김 원20', '최재영20'})"
0.2,"frozenset({'김 원20', '오영민20', '한명묵20', '강상우20', '이상웅20'})"
0.2,"frozenset({'김 원20', '오영민20', '한명묵20', '강상우20', '최재영20'})"
0.32727272727272727,"frozenset({'강상우20', '정용주20', '한명묵20'})"
0.32727272727272727,"frozenset({'강상우20', '김 원20', '정용주20'})"
0.2545454545454545,"frozenset({'강상우20', '이상웅20', '정용주20'})"
0.23636363636363636,"frozenset({'강상우20', '정용주20', '최재영20'})"
0.2,"frozenset({'강상우20', '정용주20', '오영민20'})"
0.32727272727272727,"frozenset({'강상우20', '김 원20', '정용주20', '한명묵20'})"
0.2545454545454545,"frozenset({'강상우20', '김 원20', '이상웅20', '정용주20'})"
0.2545454545454545,"frozenset({'강상우20', '이상웅20', '정용주20', '한명묵20'})"
0.2545454545454545,"frozenset({'김 원20', '한명묵20', '강상우20', '이상웅20', '정용주20'})"
0.23636363636363636,"frozenset({'강상우20', '김 원20', '정용주20', '최재영20'})"
0.23636363636363636,"frozenset({'강상우20', '정용주20', '최재영20', '한명묵20'})"
0.21818181818181817,"frozenset({'강상우20', '이상웅20', '정용주20', '최재영20'})"
0.23636363636363636,"frozenset({'김 원20', '한명묵20', '강상우20', '정용주20', '최재영20'})"
0.21818181818181817,"frozenset({'김 원20', '강상우20', '이상웅20', '정용주20', '최재영20'})"
0.21818181818181817,"frozenset({'한명묵20', '강상우20', '이상웅20', '정용주20', '최재영20'})"
0.21818181818181817,"frozenset({'김 원20', '한명묵20', '강상우20', '이상웅20', '정용주20', '최재영20'})"
0.2,"frozenset({'강상우20', '김 원20', '정용주20', '오영민20'})"
0.2,"frozenset({'강상우20', '정용주20', '오영민20', '한명묵20'})"
0.2,"frozenset({'김 원20', '오영민20', '한명묵20', '강상우20', '정용주20'})"
0.2545454545454545,"frozenset({'정윤현10', '강상우20', '이상웅20'})"
0.21818181818181817,"frozenset({'정윤현10', '강상우20', '최재영20'})"
0.2,"frozenset({'정윤현10', '강상우20', '오영민20'})"
0.36363636363636365,"frozenset({'강상우20', '차영운20'})"
0.34545454545454546,"frozenset({'이상웅20', '차영운20'})"
0.3090909090909091,"frozenset({'정윤현10', '차영운20'})"
0.3090909090909091,"frozenset({'차영운20', '최재영20'})"
0.3090909090909091,"frozenset({'김 원20', '차영운20'})"
0.2909090909090909,"frozenset({'차영운20', '정용주20'})"
0.2909090909090909,"frozenset({'차영운20', '한명묵20'})"
0.2545454545454545,"frozenset({'차영운20', '오영민20'})"
0.2909090909090909,"frozenset({'강상우20', '이상웅20', '차영운20'})"
0.2545454545454545,"frozenset({'정윤현10', '강상우20', '차영운20'})"
0.23636363636363636,"frozenset({'정윤현10', '이상웅20', '차영운20'})"
0.2,"frozenset({'정윤현10', '강상우20', '이상웅20', '차영운20'})"
0.2545454545454545,"frozenset({'이상웅20', '차영운20', '최재영20'})"
0.2545454545454545,"frozenset({'강상우20', '차영운20', '최재영20'})"
0.21818181818181817,"frozenset({'정윤현10', '차영운20', '최재영20'})"
0.2,"frozenset({'강상우20', '이상웅20', '차영운20', '최재영20'})"
0.2545454545454545,"frozenset({'김 원20', '이상웅20', '차영운20'})"
0.23636363636363636,"frozenset({'김 원20', '차영운20', '최재영20'})"
0.23636363636363636,"frozenset({'강상우20', '김 원20', '차영운20'})"
0.2,"frozenset({'정윤현10', '김 원20', '차영운20'})"
0.21818181818181817,"frozenset({'김 원20', '이상웅20', '차영운20', '최재영20'})"
0.2,"frozenset({'강상우20', '김 원20', '이상웅20', '차영운20'})"
0.2909090909090909,"frozenset({'김 원20', '차영운20', '정용주20'})"
0.23636363636363636,"frozenset({'이상웅20', '차영운20', '정용주20'})"
0.23636363636363636,"frozenset({'강상우20', '차영운20', '정용주20'})"
0.21818181818181817,"frozenset({'차영운20', '최재영20', '정용주20'})"
0.23636363636363636,"frozenset({'김 원20', '이상웅20', '차영운20', '정용주20'})"
0.23636363636363636,"frozenset({'강상우20', '김 원20', '차영운20', '정용주20'})"
0.2,"frozenset({'강상우20', '이상웅20', '차영운20', '정용주20'})"
0.2,"frozenset({'김 원20', '차영운20', '강상우20', '이상웅20', '정용주20'})"
0.21818181818181817,"frozenset({'김 원20', '차영운20', '최재영20', '정용주20'})"
0.2,"frozenset({'이상웅20', '차영운20', '최재영20', '정용주20'})"
0.2,"frozenset({'김 원20', '차영운20', '이상웅20', '정용주20', '최재영20'})"
0.2909090909090909,"frozenset({'정용주20', '차영운20', '한명묵20'})"
0.2909090909090909,"frozenset({'김 원20', '차영운20', '한명묵20'})"
0.23636363636363636,"frozenset({'이상웅20', '차영운20', '한명묵20'})"
0.23636363636363636,"frozenset({'강상우20', '차영운20', '한명묵20'})"
0.21818181818181817,"frozenset({'차영운20', '최재영20', '한명묵20'})"
0.2909090909090909,"frozenset({'김 원20', '차영운20', '정용주20', '한명묵20'})"
0.23636363636363636,"frozenset({'김 원20', '이상웅20', '차영운20', '한명묵20'})"
0.23636363636363636,"frozenset({'정용주20', '이상웅20', '차영운20', '한명묵20'})"
0.23636363636363636,"frozenset({'김 원20', '차영운20', '한명묵20', '이상웅20', '정용주20'})"
0.23636363636363636,"frozenset({'강상우20', '김 원20', '차영운20', '한명묵20'})"
0.23636363636363636,"frozenset({'강상우20', '정용주20', '차영운20', '한명묵20'})"
0.2,"frozenset({'강상우20', '이상웅20', '차영운20', '한명묵20'})"
0.23636363636363636,"frozenset({'김 원20', '차영운20', '한명묵20', '강상우20', '정용주20'})"
0.2,"frozenset({'김 원20', '차영운20', '한명묵20', '강상우20', '이상웅20'})"
0.2,"frozenset({'차영운20', '한명묵20', '강상우20', '이상웅20', '정용주20'})"
0.2,"frozenset({'김 원20', '차영운20', '한명묵20', '강상우20', '이상웅20', '정용주20'})"
0.21818181818181817,"frozenset({'김 원20', '차영운20', '최재영20', '한명묵20'})"
0.21818181818181817,"frozenset({'정용주20', '차영운20', '최재영20', '한명묵20'})"
0.2,"frozenset({'이상웅20', '차영운20', '최재영20', '한명묵20'})"
0.21818181818181817,"frozenset({'김 원20', '차영운20', '한명묵20', '정용주20', '최재영20'})"
0.2,"frozenset({'김 원20', '차영운20', '한명묵20', '이상웅20', '최재영20'})"
0.2,"frozenset({'차영운20', '한명묵20', '이상웅20', '정용주20', '최재영20'})"
0.2,"frozenset({'김 원20', '차영운20', '한명묵20', '이상웅20', '정용주20', '최재영20'})"
0.23636363636363636,"frozenset({'오영민20', '차영운20', '최재영20'})"
0.21818181818181817,"frozenset({'강상우20', '차영운20', '오영민20'})"
0.2,"frozenset({'이상웅20', '차영운20', '오영민20'})"
0.2,"frozenset({'강상우20', '오영민20', '차영운20', '최재영20'})"
0.2727272727272727,"frozenset({'민연아20', '이상웅20'})"
0.2545454545454545,"frozenset({'민연아20', '차영운20'})"
0.2545454545454545,"frozenset({'민연아20', '강상우20'})"
0.2545454545454545,"frozenset({'정윤현10', '민연아20'})"
0.2545454545454545,"frozenset({'민연아20', '오영민20'})"
0.2545454545454545,"frozenset({'민연아20', '정용주20'})"
0.2545454545454545,"frozenset({'민연아20', '김 원20'})"
0.2545454545454545,"frozenset({'민연아20', '한명묵20'})"
0.23636363636363636,"frozenset({'민연아20', '최재영20'})"
0.21818181818181817,"frozenset({'민연아20', '이상웅20', '차영운20'})"
0.23636363636363636,"frozenset({'민연아20', '강상우20', '차영운20'})"
0.2,"frozenset({'민연아20', '강상우20', '이상웅20'})"
0.2,"frozenset({'민연아20', '강상우20', '이상웅20', '차영운20'})"
0.23636363636363636,"frozenset({'정윤현10', '이상웅20', '민연아20'})"
0.2,"frozenset({'정윤현10', '차영운20', '민연아20'})"
0.2,"frozenset({'민연아20', '정용주20', '오영민20'})"
0.23636363636363636,"frozenset({'민연아20', '김 원20', '정용주20'})"
0.2,"frozenset({'민연아20', '김 원20', '이상웅20'})"
0.2545454545454545,"frozenset({'민연아20', '정용주20', '한명묵20'})"
0.23636363636363636,"frozenset({'민연아20', '김 원20', '한명묵20'})"
0.2,"frozenset({'민연아20', '오영민20', '한명묵20'})"
0.23636363636363636,"frozenset({'민연아20', '김 원20', '정용주20', '한명묵20'})"
0.2,"frozenset({'민연아20', '정용주20', '오영민20', '한명묵20'})"
0.21818181818181817,"frozenset({'민연아20', '차영운20', '최재영20'})"
0.2,"frozenset({'민연아20', '강상우20', '최재영20'})"
0.2,"frozenset({'민연아20', '강상우20', '차영운20', '최재영20'})"
0.2727272727272727,"frozenset({'정용주10', '한명묵10'})"
0.21818181818181817,"frozenset({'정윤현10', '한명묵10'})"
0.21818181818181817,"frozenset({'이상웅20', '한명묵10'})"
0.21818181818181817,"frozenset({'정윤현10', '정용주10', '한명묵10'})"
0.21818181818181817,"frozenset({'이상웅20', '정용주10', '한명묵10'})"
0.2545454545454545,"frozenset({'김 원10', '한명묵10'})"
0.2545454545454545,"frozenset({'김 원10', '정용주10'})"
0.2,"frozenset({'정윤현10', '김 원10'})"
0.2,"frozenset({'김 원10', '이상웅20'})"
0.2545454545454545,"frozenset({'김 원10', '정용주10', '한명묵10'})"
0.2,"frozenset({'정윤현10', '김 원10', '정용주10'})"
0.2,"frozenset({'정윤현10', '김 원10', '한명묵10'})"
0.2,"frozenset({'정윤현10', '김 원10', '정용주10', '한명묵10'})"
0.2,"frozenset({'김 원10', '이상웅20', '정용주10'})"
0.2,"frozenset({'김 원10', '이상웅20', '한명묵10'})"
0.2,"frozenset({'김 원10', '이상웅20', '정용주10', '한명묵10'})"
0.21818181818181817,"frozenset({'최아영30', '정용주20'})"
0.21818181818181817,"frozenset({'최아영30', '한명묵20'})"
0.2,"frozenset({'김 원20', '최아영30'})"
0.21818181818181817,"frozenset({'최아영30', '정용주20', '한명묵20'})"
0.2,"frozenset({'김 원20', '최아영30', '정용주20'})"
0.2,"frozenset({'김 원20', '최아영30', '한명묵20'})"
0.2,"frozenset({'김 원20', '최아영30', '정용주20', '한명묵20'})"
0.2545454545454545,"frozenset({'유 준20', '황효석20'})"
0.2545454545454545,"frozenset({'오영민20', '황효석20'})"
0.21818181818181817,"frozenset({'최재영20', '황효석20'})"
0.2,"frozenset({'민 홍20', '황효석20'})"
0.2545454545454545,"frozenset({'이상웅20', '황효석20'})"
0.2,"frozenset({'조정찬20', '황효석20'})"
0.21818181818181817,"frozenset({'유 준20', '이상웅20', '황효석20'})"
0.21818181818181817,"frozenset({'오영민20', '유 준20', '황효석20'})"
0.21818181818181817,"frozenset({'오영민20', '이상웅20', '황효석20'})"
0.21818181818181817,"frozenset({'오영민20', '최재영20', '황효석20'})"
0.2,"frozenset({'오영민20', '민 홍20', '황효석20'})"
0.2,"frozenset({'이상웅20', '조정찬20', '황효석20'})"
